customer_id,eta,regione,stato_familiare,reddito_annuo
1,56,Sud,Coppia,15971
2,69,Isole,Single,40599
3,46,Isole,Coppia,33437
4,32,Centro,Single,35329
5,60,Nord Est,Single,37596
6,25,Centro,Coppia,32367
7,78,Isole,Famiglia,17548
8,38,Nord Est,Single,32524
9,56,Isole,Famiglia,27385
10,75,Nord Est,Single,27703
11,36,Isole,Single,18676
12,40,Isole,Famiglia,11925
13,28,Isole,Coppia,23193
14,28,Nord Est,Famiglia,36544
15,41,Nord Ovest,Famiglia,29167
16,70,Nord Est,Famiglia,51398
17,53,Nord Est,Single,29213
18,57,Nord Ovest,Single,32338
19,41,Centro,Famiglia,30199
20,20,Centro,Coppia,17248